"ensembl_id","baseMean","log2FoldChange","pvalue","padj","Gene.name","Gene.type","avg_cpm"
"ENSG00000170374",225.599166924651,11.0268066207904,3.03219502386819e-07,5.04014175667233e-05,"SP7","protein_coding",4.52253672202825
"ENSG00000263489",187.156097833973,10.7573606056664,5.11864084167547e-08,1.20139454077518e-05,"AC127029.2","lncRNA",3.63399438845879
"ENSG00000124491",12186.7055317091,10.7229020838579,1.56029792449554e-07,2.89704952875042e-05,"F13A1","protein_coding",232.081236796419
"ENSG00000133063",146.761204000423,10.4065728178407,2.37949329836447e-06,0.00024159884815409,"CHIT1","protein_coding",2.8185956419239
"ENSG00000182676",281.013643701107,10.3807095565994,7.5504743852289e-07,0.000100494972488278,"PPP1R27","protein_coding",5.38333551858027
"ENSG00000214814",118.580303110968,10.0990227147646,3.24487781114604e-06,0.000312022876042712,"FER1L6","protein_coding",2.28300304423919
"ENSG00000185761",113.847806557217,10.0403347702219,6.02901099070678e-07,8.4904033487192e-05,"ADAMTSL5","protein_coding",2.25441146206821
"ENSG00000006016",212.137004384875,9.97454268937425,1.9648555864894e-08,5.42897060023933e-06,"CRLF1","protein_coding",3.97340908802321
"ENSG00000187908",6939.17686616562,9.87816318489752,7.36066846896092e-09,2.36277457853645e-06,"DMBT1","protein_coding",134.417836762204
"ENSG00000142910",84.2811577857203,9.6068363958444,6.71326999915149e-09,2.22026147790119e-06,"TINAGL1","protein_coding",1.70970833237557
"ENSG00000198768",800.767519906427,9.51423976588116,1.05536289850508e-09,4.70131864256507e-07,"APCDD1L","protein_coding",14.855549218661
"ENSG00000009950",78.6341821045758,9.50660212306233,1.83480108809827e-06,0.000200250190755045,"MLXIPL","protein_coding",1.55139670578205
"ENSG00000229953",78.072178024751,9.49649475380075,5.67084204556378e-09,1.93411156516509e-06,"AL590666.2","lncRNA",1.53040540479288
"ENSG00000225614",76.0720215736923,9.45912617322753,5.8065884662649e-10,2.75535245742674e-07,"ZNF469","protein_coding",1.52779535325796
"ENSG00000275216",514.344927130522,9.39833892879575,1.91751137637233e-06,0.000207205140215124,"AL161431.1","lncRNA",10.9097614159316
"ENSG00000271605",72.3167246073555,9.38589452891089,1.71921797955782e-11,1.25090300192627e-08,"MILR1","protein_coding",1.40021832796972
"ENSG00000184922",591.556348082641,9.35897222124506,2.05429752859505e-08,5.60515080677159e-06,"FMNL1","protein_coding",11.7389461676023
"ENSG00000182578",70.5717395824288,9.34922641338102,2.37783874570766e-08,6.32969074893986e-06,"CSF1R","protein_coding",1.29163876382761
"ENSG00000105650",133.881343475157,9.31030933119279,1.91639387948464e-08,5.36295456428085e-06,"PDE4C","protein_coding",2.7807333044107
"ENSG00000092054",4136.04207813953,9.29951095706534,9.78541852723985e-06,0.000744237336629239,"MYH7","protein_coding",79.4391558392604
"ENSG00000161664",67.9749262493015,9.29646205007634,5.78492384869854e-06,0.000488264970755481,"ASB16","protein_coding",1.29737446513697
"ENSG00000133067",67.6759666361789,9.29014440435926,3.79588286771705e-06,0.000352580983985224,"LGR6","protein_coding",1.37521762546886
"ENSG00000099812",243.356912001355,9.22030646570116,3.30925013170026e-07,5.39062028916069e-05,"MISP","protein_coding",4.9946720989499
"ENSG00000236393",64.2271454595503,9.21498832569826,3.45076828527616e-08,8.56774700851103e-06,"AC091806.1","lncRNA",1.29691515827196
"ENSG00000145075",62.1725672647578,9.16777508801752,1.10981789168192e-05,0.000808575895055375,"CCDC39","lncRNA",1.21150643428426
"ENSG00000110628",59.0781805258783,9.09456739595491,9.92561364101564e-10,4.51367280325186e-07,"SLC22A18","protein_coding",1.18049259791959
"ENSG00000204542",484.242900406348,9.04766034467769,3.98339173725694e-06,0.000360786202659105,"C6orf15","protein_coding",10.1889576093145
"ENSG00000148680",56.7071007174816,9.03356791327723,2.01055767271851e-06,0.00021512967098088,"HTR7","protein_coding",1.04373213791157
"ENSG00000177409",55.8744888524845,9.0121738844287,1.34673849616611e-06,0.00015797357132351,"SAMD9L","protein_coding",1.00797387895656
"ENSG00000158560",54.2863704044211,8.97168600947067,3.03244681376149e-07,5.04014175667233e-05,"DYNC1I1","protein_coding",1.01138412721124
"ENSG00000149090",560.529774149563,8.97144590284401,1.65585830696771e-09,6.69334724527616e-07,"PAMR1","protein_coding",11.3157443899785
"ENSG00000135046",1252.53650933857,8.96359616174484,1.39641168743398e-17,2.54007285944241e-14,"ANXA1","protein_coding",23.7319010202716
"ENSG00000123342",194.542397740526,8.95976333623396,7.64166715645765e-14,8.77906898374514e-11,"MMP19","protein_coding",3.72522278614831
"ENSG00000198753",286.275310762858,8.92778371701619,3.804416850578e-13,3.95441957211507e-10,"PLXNB3","protein_coding",5.81897140996579
"ENSG00000169583",52.1549153775066,8.91445152966713,3.91074757955912e-06,0.000358671420868136,"CLIC3","protein_coding",1.09800231544356
"ENSG00000234880",51.909687691153,8.90778137369112,1.99142047459472e-06,0.000214131655760855,"LINC00163","lncRNA",1.04627214815662
"ENSG00000229563",51.8425030325516,8.90579194333089,6.77518271876084e-07,9.24304302406948e-05,"LINC01204","lncRNA",0.985109716995988
"ENSG00000197046",99.7786866287694,8.88444676440364,2.09917210521429e-06,0.000219799042435031,"SIGLEC15","protein_coding",1.80752675439016
"ENSG00000168334",4013.81062705522,8.88126820407019,3.89393223365185e-09,1.44062292874835e-06,"XIRP1","protein_coding",78.5427339301554
"ENSG00000197588",97.1082998933522,8.84630748805133,5.07833918089111e-06,0.000443399950561965,"KLKP1","transcribed_unprocessed_pseudogene",1.88075054894752
"ENSG00000162496",48.7444722759076,8.81711857946239,1.1857336952769e-06,0.00014299555304146,"DHRS3","protein_coding",0.991490970427785
"ENSG00000060558",95.0171169640363,8.81370775633861,2.6426325360775e-08,6.94980518042166e-06,"GNA15","protein_coding",1.79420401090382
"ENSG00000125384",885.873577152174,8.79812450595362,7.77611885220315e-07,0.000101034001372554,"PTGER2","protein_coding",15.6749517187966
"ENSG00000198910",6634.40223414354,8.76084970241101,2.16259856755426e-30,1.57350671775248e-26,"L1CAM","protein_coding",128.572309591216
"ENSG00000185860",87.8098230499477,8.70025983262215,8.370306822627e-06,0.000654864004746602,"CCDC190","protein_coding",1.83466862115898
"ENSG00000163394",436.711338110725,8.66945803215312,1.9075695236394e-11,1.34317508264519e-08,"CCKAR","protein_coding",8.72210220023752
"ENSG00000145040",84.6141513094207,8.64630294675568,3.2746058945812e-06,0.000313500427486485,"UCN2","protein_coding",1.60850142567517
"ENSG00000214402",84.1077860893037,8.6389242553976,5.8083215684247e-06,0.000488264970755481,"LCNL1","protein_coding",1.78442612097593
"ENSG00000283178",42.1901452167433,8.60847685489854,1.7976484070708e-06,0.000197181253414781,"BX119927.1","unprocessed_pseudogene",0.874037733694855
"ENSG00000106366",2212.10633351543,8.60846134612966,4.47505444962609e-16,6.51209923509589e-13,"SERPINE1","protein_coding",39.9825799875398
"ENSG00000144452",296.586812302211,8.59178666651755,1.01165048091955e-07,2.00748242704654e-05,"ABCA12","protein_coding",6.14756942179929
"ENSG00000154133",424.248447904134,8.57627576735757,1.45781556145003e-06,0.000164876673965446,"ROBO4","protein_coding",8.93022681412102
"ENSG00000111245",3519.34140839446,8.56793723452397,5.77191317157131e-06,0.000488264970755481,"MYL2","protein_coding",69.0226330499902
"ENSG00000143512",334.357067613296,8.50390075267922,1.43604879017051e-12,1.30608637466008e-09,"HHIPL2","protein_coding",6.72105320744663
"ENSG00000089041",127.709728387053,8.45296003517488,3.21867057405935e-06,0.000310872306595431,"P2RX7","protein_coding",2.45814413272017
"ENSG00000160932",72.7701512375166,8.42800851018433,3.56538079264277e-08,8.74439684739396e-06,"LY6E","protein_coding",1.35517607988269
"ENSG00000166396",72.2576936622583,8.4196137414691,3.98139793125367e-06,0.000360786202659105,"SERPINB7","protein_coding",1.41485354195977
"ENSG00000089327",300.009603492725,8.41797013894821,7.21955665681409e-06,0.00057514044782824,"FXYD5","protein_coding",5.36673617021289
"ENSG00000267279",69.4764054162633,8.36250745620401,5.1863323011654e-07,7.59780278321063e-05,"AC090409.1","lncRNA",1.40244070111833
"ENSG00000138675",68.5643493658017,8.34349023076762,2.39228739968729e-06,0.00024159884815409,"FGF5","protein_coding",1.28590106512193
"ENSG00000148344",122.472320313036,8.32214456189224,6.02476355247863e-09,2.02320828959236e-06,"PTGES","protein_coding",2.47948465416904
"ENSG00000175315",66.8894089165071,8.3079404105163,7.46949587156245e-06,0.00059073969523357,"CST6","protein_coding",1.41108728582928
"ENSG00000186517",66.455511310456,8.29736939718392,4.10917996171814e-07,6.33466907625605e-05,"ARHGAP30","protein_coding",1.3348342511627
"ENSG00000047936",64.928105263857,8.26269277948905,1.07584977208106e-05,0.000801489720989264,"ROS1","protein_coding",1.16032997750207
"ENSG00000095752",374.309154276356,8.22880488197286,5.26977347488646e-11,3.38319457087711e-08,"IL11","protein_coding",7.35830758770616
"ENSG00000184838",172.842707602029,8.19879214249815,1.21584532567146e-06,0.000145821273454707,"PRR16","protein_coding",3.22025189844766
"ENSG00000250041",31.2222271611021,8.17457977644833,1.10853245977843e-05,0.000808575895055375,"AC069360.1","lncRNA",0.593177988836309
"ENSG00000175294",31.1437942300031,8.16811119775362,2.55572303399722e-07,4.42748590365804e-05,"CATSPER1","protein_coding",0.589170737553284
"ENSG00000115648",30.6622560116363,8.14891387529744,3.45127676723457e-06,0.000323323902468653,"MLPH","protein_coding",0.60632264044219
"ENSG00000257219",30.4534227731042,8.13826998128367,7.6392056209163e-09,2.41664609120813e-06,"LNCOG","lncRNA",0.596382883542804
"ENSG00000099860",716.180176431683,8.09604182346333,1.73968569522143e-19,5.4248370507562e-16,"GADD45B","protein_coding",13.8640070970613
"ENSG00000139211",340.44828635348,8.08744355301015,8.54738916788538e-08,1.76011708260945e-05,"AMIGO2","protein_coding",7.10925146729742
"ENSG00000236345",29.2619388816633,8.08112803169554,1.84315540099932e-07,3.33224569954497e-05,"SCAT8","lncRNA",0.561391393304711
"ENSG00000082397",387.653168450215,8.07166899155706,3.04791420139613e-07,5.04014175667233e-05,"EPB41L3","protein_coding",7.82357218588917
"ENSG00000117472",56.6131560841106,8.06394473063371,2.12280188713441e-08,5.72055797436665e-06,"TSPAN1","protein_coding",1.06404065212405
"ENSG00000180720",28.8294929498559,8.05901323467549,1.07955103268703e-08,3.22800547143733e-06,"CHRM4","protein_coding",0.55683297671385
"ENSG00000104783",251.405105347575,8.05620335103244,3.64586334079329e-08,8.84243388920399e-06,"KCNN4","protein_coding",5.28766994838154
"ENSG00000183484",56.1041892579088,8.05305879214915,1.10884446705103e-05,0.000808575895055375,"GPR132","protein_coding",1.17405806215255
"ENSG00000163083",28.6244984544033,8.0499469814451,1.25131135258807e-07,2.41713488533561e-05,"INHBB","protein_coding",0.562278317187704
"ENSG00000188064",27.2413823483365,7.97668096480617,1.56315663776424e-08,4.54941107854905e-06,"WNT7B","protein_coding",0.523863240852425
"ENSG00000170345",9801.74577859293,7.95976752815956,4.55300127459355e-09,1.57750653685441e-06,"FOS","protein_coding",174.267424328168
"ENSG00000144837",26.7972989848837,7.95328536493543,4.23573701450104e-08,1.01601832475306e-05,"PLA1A","protein_coding",0.512550877080606
"ENSG00000130513",2705.76897258126,7.95278295472793,3.63644560824586e-10,1.80400760765433e-07,"GDF15","protein_coding",54.6108225668736
"ENSG00000162804",751.033470276373,7.92519671078766,2.7289391435003e-08,7.09134328861006e-06,"SNED1","protein_coding",15.2061895138765
"ENSG00000272405",221.753116118132,7.90490907977511,6.59696485807176e-12,5.14280531864251e-09,"AL365181.3","lncRNA",4.33889749240147
"ENSG00000163453",849.046331836012,7.81632612307961,2.11626444169354e-09,8.3988764060521e-07,"IGFBP7","protein_coding",16.3975623144778
"ENSG00000134668",813.347968752878,7.74646371099646,2.18197635693214e-12,1.90512719676459e-09,"SPOCD1","protein_coding",15.0279054822598
"ENSG00000141448",23.2119876768672,7.7459539101787,5.94665057996066e-08,1.34654626000563e-05,"GATA6","protein_coding",0.452432901658994
"ENSG00000132357",45.181404742357,7.73884845256556,3.48428271694153e-07,5.51122631488404e-05,"CARD6","protein_coding",0.841801605427224
"ENSG00000130755",80.370181644123,7.72766029053719,2.68492184799674e-09,1.01394707019634e-06,"GMFG","protein_coding",1.57330868611199
"ENSG00000175592",1090.49139825274,7.71301630516229,2.04595584674113e-17,3.43531724789734e-14,"FOSL1","protein_coding",21.1491262602309
"ENSG00000134516",44.0704174026077,7.7012074689678,5.68299049857066e-06,0.000484563736729689,"DOCK2","protein_coding",0.825949301111106
"ENSG00000120645",151.790204931458,7.70092099936409,1.02441944529382e-05,0.000771418834280737,"IQSEC3","protein_coding",2.71178502881994
"ENSG00000166033",3223.23685179344,7.6973481271106,2.19634104724596e-36,2.39708661896424e-32,"HTRA1","protein_coding",62.4692760403156
"ENSG00000162545",22.0144706879834,7.67137743991633,9.64277028268719e-06,0.000735952411645091,"CAMK2N1","protein_coding",0.446989602948032
"ENSG00000172348",289.19771098492,7.66567951245161,4.88996557390567e-07,7.21203841535222e-05,"RCAN2","protein_coding",5.24591689188334
"ENSG00000108821",51796.5023267749,7.58036548465389,1.16196350750021e-06,0.000140907441342859,"COL1A1","protein_coding",918.122990291943
"ENSG00000221890",40.4120319019355,7.57704853719696,1.02488300321337e-05,0.000771418834280737,"NPTXR","protein_coding",0.834424432867018
"ENSG00000160808",20.5180660823934,7.56865852756887,2.10454461558189e-06,0.000219799042435031,"MYL3","protein_coding",0.389736627922336
"ENSG00000170909",40.0893057536797,7.56570104682872,9.20319774701199e-06,0.000712366668162332,"OSCAR","protein_coding",0.816228920422811
"ENSG00000105376",20.4197191762833,7.55817073159881,9.3530378640573e-06,0.000721406750871529,"ICAM5","protein_coding",0.380483700359323
"ENSG00000148677",17938.5689065016,7.55685646077912,6.41095941505579e-07,8.8638534945522e-05,"ANKRD1","protein_coding",350.801814946102
"ENSG00000128564",71.4668086754943,7.55151920873717,4.57514285702073e-06,0.000410972091699788,"VGF","protein_coding",1.28257973187557
"ENSG00000183018",109.157403362646,7.53313601930896,5.7167704724135e-07,8.26395138224118e-05,"SPNS2","protein_coding",2.25512097562181
"ENSG00000175946",19.7045989556653,7.51094075255298,1.33353614357241e-05,0.000945306450637652,"KLHL38","protein_coding",0.375208928488318
"ENSG00000250548",19.4645869647103,7.4924826331602,7.66895261689181e-07,0.000101034001372554,"LINC01303","lncRNA",0.37207958449441
"ENSG00000100558",102.973822216252,7.48293183937799,2.15056180152249e-07,3.84774286915024e-05,"PLEK2","protein_coding",2.14811034838199
"ENSG00000064195",97.2516318567996,7.48027154035898,2.31544861990818e-06,0.000238403832430923,"DLX3","protein_coding",1.99353845868855
"ENSG00000132692",19.1789648750429,7.47234485175241,7.71204837548469e-07,0.000101034001372554,"BCAN","protein_coding",0.373405182217048
"ENSG00000054356",161.571434223208,7.46849409211252,1.45591395846611e-10,7.94492247134956e-08,"PTPRN","protein_coding",3.13099637676183
"ENSG00000117226",70.9856951391585,7.45418950597271,6.41602002995807e-07,8.8638534945522e-05,"GBP3","protein_coding",1.29012525472529
"ENSG00000156510",662.203224489194,7.44728911371679,1.8471766980252e-07,3.33224569954497e-05,"HKDC1","protein_coding",14.0180046760508
"ENSG00000105329",8707.73526384189,7.41895183767197,1.31182339596053e-11,9.87395899552633e-09,"TGFB1","protein_coding",157.153533464067
"ENSG00000110675",307.194209880878,7.38619449804804,1.0129712979086e-06,0.000123525907769547,"ELMOD1","protein_coding",6.21359485015263
"ENSG00000166793",17.3191694791838,7.32557713699946,5.81587375831157e-06,0.000488264970755481,"YPEL4","protein_coding",0.336940325652299
"ENSG00000162511",1027.80518670334,7.30408811248291,2.14931515430154e-11,1.42167427842709e-08,"LAPTM5","protein_coding",20.0291079807458
"ENSG00000231776",16.9563857869869,7.29071672676321,5.33950398788107e-06,0.000459433104519097,"LINC01611","lncRNA",0.316837492536922
"ENSG00000134207",504.23384234939,7.25678447074759,2.49186790843686e-07,4.35139941642878e-05,"SYT6","protein_coding",9.97848875593773
"ENSG00000111252",2430.81105525441,7.15009881983072,6.65693476556654e-22,2.90615144125573e-18,"SH2B3","protein_coding",45.5769901795026
"ENSG00000186038",57.5395948094647,7.11589910334891,7.22750388805208e-07,9.67864753793869e-05,"HTR3E","protein_coding",1.10978069109119
"ENSG00000168497",771.364253928275,7.08437576338929,2.34685489119598e-09,9.14770510089748e-07,"CAVIN2","protein_coding",15.3922676337073
"ENSG00000196549",1130.18784708444,7.05438956186091,1.42358060340167e-09,5.8630032851041e-07,"MME","protein_coding",23.0896245344698
"ENSG00000143369",4618.35460869817,7.05026687670932,2.12204407530991e-15,2.72470459269793e-12,"ECM1","protein_coding",89.8410092794724
"ENSG00000182732",14.3018711114079,7.04888130528554,4.71920054783037e-06,0.000420451875747107,"RGS6","protein_coding",0.276824635298024
"ENSG00000128606",8711.09397063354,7.00475434112234,3.63126857895274e-13,3.95441957211507e-10,"LRRC17","protein_coding",159.972754345076
"ENSG00000105974",5437.48494646838,6.99347399927213,1.55735694064156e-18,3.777109700036e-15,"CAV1","protein_coding",99.7000488997698
"ENSG00000082126",47.9722461891124,6.98800964847722,3.45638010247927e-07,5.51122631488404e-05,"MPP4","protein_coding",0.935558003130586
"ENSG00000248746",47.6034049508536,6.97947057726719,4.12150295599886e-07,6.33466907625605e-05,"ACTN3","protein_coding",0.92240050587269
"ENSG00000152779",26.7227513347117,6.97539642498827,3.36947977070005e-06,0.000318393958592384,"SLC16A12","protein_coding",0.49966916270456
"ENSG00000221963",286.500971107826,6.9614121492679,9.74062639544431e-08,1.97885545437651e-05,"APOL6","protein_coding",5.37029957320416
"ENSG00000121900",526.834624499388,6.92988722536402,9.19876799751774e-07,0.000115396958534378,"TMEM54","protein_coding",10.3878183023977
"ENSG00000184363",45.0516249026868,6.86037543309261,3.45410361347338e-08,8.56774700851103e-06,"PKP3","protein_coding",0.88663866962354
"ENSG00000248323",12.5466340539334,6.85738513469767,1.39765411610828e-05,0.000984128840206825,"LUCAT1","lncRNA",0.245023893428053
"ENSG00000096433",593.761513374693,6.84582795553886,9.05187086419011e-07,0.000114210541747712,"ITPR3","protein_coding",12.5144878033558
"ENSG00000163131",303.370086560656,6.84181694465995,3.97556312817839e-09,1.4463098660313e-06,"CTSS","protein_coding",5.48008853982309
"ENSG00000211677",356.354046737385,6.83285748941453,1.00483971284384e-05,0.000761584765692891,"IGLC2","IG_C_gene",6.45425849953223
"ENSG00000130176",118.03072636018,6.78163483071977,1.35218607055149e-06,0.00015797357132351,"CNN1","protein_coding",2.19276189012178
"ENSG00000114270",5753.6451970651,6.77782656732752,3.84145198708627e-06,0.000355301754127624,"COL7A1","protein_coding",109.431143329189
"ENSG00000102034",830.642293136893,6.6843625375458,1.3442749330821e-19,4.89047220655266e-16,"ELF4","protein_coding",15.6083673151831
"ENSG00000162551",94.2481976996912,6.64536334397829,6.13508305592665e-08,1.35269285802795e-05,"ALPL","protein_coding",1.72686402269682
"ENSG00000122861",6659.5563735163,6.60858321057643,1.06264480557357e-25,5.79885270401499e-22,"PLAU","protein_coding",133.003373947242
"ENSG00000279086",36.7175806577424,6.60504037648159,2.76084888416626e-06,0.000273926406561733,"AC073130.3","TEC",0.698297793561405
"ENSG00000272068",36.081225492107,6.57490781550138,1.42342420448641e-06,0.000164873512025277,"AL365181.2","lncRNA",0.710462425527948
"ENSG00000138119",4346.21579033126,6.55472500157243,8.71108731453434e-16,1.18841008688535e-12,"MYOF","protein_coding",84.8736212990676
"ENSG00000166741",2153.52874117347,6.53236046658071,1.97082106070853e-11,1.34434631603581e-08,"NNMT","protein_coding",42.7507891346845
"ENSG00000137877",1501.4056858364,6.51735947088428,6.62267341456372e-06,0.000539401922735436,"SPTBN5","protein_coding",31.9484582509274
"ENSG00000132205",1258.5942100607,6.4046611473355,5.88085830456477e-07,8.35115943788167e-05,"EMILIN2","protein_coding",22.6071933572152
"ENSG00000113070",1266.53690266787,6.40405067742028,6.17491503475208e-19,1.68482556723211e-15,"HBEGF","protein_coding",24.7334214018485
"ENSG00000042493",615.862781106954,6.37461046525562,5.34616128586451e-06,0.000459433104519097,"CAPG","protein_coding",12.6426397475404
"ENSG00000134531",3975.71957255902,6.37136428504204,1.0289413555068e-10,5.91045576526377e-08,"EMP1","protein_coding",74.2095531483194
"ENSG00000176046",485.001070290434,6.36471831394274,6.24476230396495e-06,0.000516328301405102,"NUPR1","protein_coding",10.135419459589
"ENSG00000130813",106.071624044934,6.35757564214483,1.72109108534799e-06,0.000191673348015183,"SHFL","protein_coding",1.93817957192284
"ENSG00000115844",241.250773730254,6.26148526904597,6.27829681228756e-06,0.000517142123843823,"DLX2","protein_coding",4.5630037666294
"ENSG00000128274",216.104787384821,6.2449683116534,6.81239451287618e-11,4.13058187297392e-08,"A4GALT","protein_coding",4.10981874003793
"ENSG00000088538",29.4212289909766,6.24261448431908,1.44780490696928e-06,0.000164876673965446,"DOCK3","protein_coding",0.58039965211234
"ENSG00000107249",290.227588955688,6.22382145164272,4.71363421994734e-14,5.71606709738948e-11,"GLIS3","protein_coding",5.48708064344961
"ENSG00000188643",5925.0526101109,6.21568517469131,9.08336465289424e-40,1.98271683643376e-35,"S100A16","protein_coding",112.746452730929
"ENSG00000064012",158.204858410457,6.18597801478692,2.40847031613999e-07,4.23968468231481e-05,"CASP8","protein_coding",2.99346813573157
"ENSG00000118985",461.045631711584,6.1191836593109,9.31674015687479e-07,0.000116209030939579,"ELL2","protein_coding",9.23810458425964
"ENSG00000163092",408.360139862117,6.11423490522843,6.42689644047528e-06,0.000525416837088743,"XIRP2","protein_coding",7.80867271601041
"ENSG00000243742",193.013878763395,6.03049391963709,1.04097635238998e-05,0.000778165473286592,"RPLP0P2","transcribed_processed_pseudogene",3.47762069365032
"ENSG00000005884",5304.34065349153,6.00721996621228,3.4684799481616e-07,5.51122631488404e-05,"ITGA3","protein_coding",103.716387425568
"ENSG00000103522",4734.87613224462,5.9939881386617,7.33074390085778e-08,1.53918872516936e-05,"IL21R","protein_coding",95.7855800126024
"ENSG00000168386",551.584486646999,5.97949775404576,4.47574737716245e-09,1.57575183465648e-06,"FILIP1L","protein_coding",11.2044346053969
"ENSG00000175899",1075.90103655585,5.97721724993234,1.3470643771975e-10,7.53941569883769e-08,"A2M","protein_coding",20.1184535805291
"ENSG00000007384",1316.53151324431,5.97041309336976,7.34426465616595e-18,1.45736917195264e-14,"RHBDF1","protein_coding",26.3609311338868
"ENSG00000167549",2505.47684669821,5.96822487511171,5.81088183324999e-08,1.33515714374927e-05,"CORO6","protein_coding",50.9463641007104
"ENSG00000164122",3466.37492121348,5.91736317009159,5.90049034878335e-06,0.0004934708939971,"ASB5","protein_coding",67.3816877636734
"ENSG00000105048",24924.2992707273,5.87184073878741,7.19759785196526e-09,2.34491292407012e-06,"TNNT1","protein_coding",482.341952303967
"ENSG00000120738",11767.0576113844,5.85388223707112,9.43026064360361e-07,0.000116956664391238,"EGR1","protein_coding",212.921749789952
"ENSG00000166592",1117.09627390156,5.84045544060922,2.89720695077814e-08,7.44002744959827e-06,"RRAD","protein_coding",21.7178739158317
"ENSG00000171502",292.697787036274,5.8317833466667,1.08625640587031e-05,0.000803756095841937,"COL24A1","protein_coding",5.46782368580837
"ENSG00000237352",80.8041989570844,5.78391065861422,3.05706060641818e-06,0.000299235510838099,"LINC01358","lncRNA",1.52844428292375
"ENSG00000143217",1134.76056747531,5.76716515661413,3.40740179479836e-07,5.50939010198952e-05,"NECTIN4","protein_coding",22.9343136284562
"ENSG00000118523",9055.67921388116,5.7463048691888,9.80903322440873e-07,0.000120287402933929,"CCN2","protein_coding",163.890224976272
"ENSG00000189143",164.634853450447,5.7319264591293,1.35335614062197e-06,0.00015797357132351,"CLDN4","protein_coding",3.32924234901089
"ENSG00000144655",1980.54036563668,5.67735200264517,6.70486064308022e-06,0.000540050546557768,"CSRNP1","protein_coding",36.364587392669
"ENSG00000099953",2417.88427497841,5.66628691532827,3.27274508736128e-07,5.3712390802197e-05,"MMP11","protein_coding",49.5945622032553
"ENSG00000058085",439.109346748333,5.6285136182728,4.47228606510084e-07,6.75507429247987e-05,"LAMC2","protein_coding",9.14372944844161
"ENSG00000107984",208.192671244114,5.61073364903854,4.8715457569588e-06,0.000428774599931035,"DKK1","protein_coding",3.99518569981374
"ENSG00000151012",125.092648075271,5.60521177534109,1.32553855151668e-07,2.53805750021983e-05,"SLC7A11","protein_coding",2.40191206888447
"ENSG00000135631",691.654753724039,5.46559002772922,1.26362600694514e-09,5.30431316915358e-07,"RAB11FIP5","protein_coding",13.4663377276528
"ENSG00000105499",505.553286464887,5.38199931089386,2.95843180392316e-07,5.0059418151965e-05,"PLA2G4C","protein_coding",9.52670363862031
"ENSG00000144802",1712.71101224769,5.38119054766431,8.84056997599844e-07,0.000112849100255026,"NFKBIZ","protein_coding",31.4677824631656
"ENSG00000249992",393.264082542632,5.36813581579139,1.4159988310414e-07,2.66451917965273e-05,"TMEM158","protein_coding",7.89720332194444
"ENSG00000128510",1448.42852550763,5.26694755892777,2.02795445295106e-06,0.00021593263316593,"CPA4","protein_coding",27.7698735809103
"ENSG00000132481",566.066359607695,5.25959046192914,2.88516869877674e-06,0.000283682262868913,"TRIM47","protein_coding",11.0691761526567
"ENSG00000196754",1327.98339278541,5.23353071256797,2.66131027237672e-16,4.14936290181707e-13,"S100A2","protein_coding",25.5073834925497
"ENSG00000198959",758.2779265967,5.22260333012707,2.40182105778988e-06,0.00024159884815409,"TGM2","protein_coding",15.434712209976
"ENSG00000164877",443.707672978837,5.16714568196905,8.91671399808164e-07,0.000113159321598911,"MICALL2","protein_coding",8.76403567192818
"ENSG00000006327",3777.98729988622,5.13528494493063,1.10776417576685e-09,4.77218668519652e-07,"TNFRSF12A","protein_coding",73.5695009861528
"ENSG00000013364",2155.54643202374,5.11564480620161,6.99148251379027e-10,3.24702298534072e-07,"MVP","protein_coding",41.0252967968316
"ENSG00000136153",6769.73788550211,5.10779574726071,8.80773627194799e-09,2.74650381920115e-06,"LMO7","protein_coding",131.973605197386
"ENSG00000018625",4276.78423356031,5.04593277832551,6.11468753971124e-06,0.000507495816033524,"ATP1A2","protein_coding",80.6356786831263
"ENSG00000100065",876.362639571718,5.0008017174142,1.76891248463545e-08,5.01452230060035e-06,"CARD10","protein_coding",17.6545737586045
"ENSG00000156804",779.099218091317,4.98522906933782,2.38792342877035e-06,0.00024159884815409,"FBXO32","protein_coding",14.8508036724649
"ENSG00000102554",2126.02152536617,4.9732988289896,6.84229212237882e-06,0.0005490939428209,"KLF5","protein_coding",42.0411419264799
"ENSG00000106236",198.616846736296,4.96738395079745,2.53755859197863e-10,1.33639495892925e-07,"NPTX2","protein_coding",3.71873112845158
"ENSG00000138311",109.380792610867,4.94668079728438,5.14493181435503e-06,0.000447424588222078,"ZNF365","protein_coding",2.04137148950571
"ENSG00000105971",801.135387375332,4.94591477289347,9.40789814544038e-06,0.000723083101122086,"CAV2","protein_coding",15.2050884431034
"ENSG00000115232",2166.29744966305,4.88321269631323,4.27452624024829e-13,4.24110721691544e-10,"ITGA4","protein_coding",42.3428778468986
"ENSG00000131981",1704.10174892491,4.87710184575864,1.11499688906461e-09,4.77218668519652e-07,"LGALS3","protein_coding",31.7418749527547
"ENSG00000174791",460.912527306623,4.84449849271829,1.56611620117532e-07,2.89704952875042e-05,"RIN1","protein_coding",8.7686871626999
"ENSG00000185022",558.872327466906,4.80091202530441,1.42757438944371e-06,0.000164873512025277,"MAFF","protein_coding",10.7006371677201
"ENSG00000137801",7402.99425823767,4.75992051051993,3.59606520895465e-18,7.84949113810621e-15,"THBS1","protein_coding",140.588572324471
"ENSG00000107317",988.901337033309,4.74084893868478,6.93280676591993e-08,1.49830996125248e-05,"PTGDS","protein_coding",19.4995456519758
"ENSG00000133101",834.202110718568,4.73802155448604,1.11129177440266e-05,0.000808575895055375,"CCNA1","protein_coding",16.5008891524156
"ENSG00000172965",1170.71047306526,4.72858665748638,4.14998019930646e-07,6.33466907625605e-05,"MIR4435-2HG","lncRNA",21.9832211457796
"ENSG00000234745",340.808656974927,4.64243208989474,2.72218808856094e-06,0.000272568447693157,"HLA-B","protein_coding",6.20068927762025
"ENSG00000126458",1095.1824872619,4.63627009910257,1.71551614554778e-06,0.000191673348015183,"RRAS","protein_coding",19.8937641048988
"ENSG00000177469",7134.97359825808,4.63230653149083,2.08632536646041e-06,0.000219799042435031,"CAVIN1","protein_coding",138.39018633017
"ENSG00000198796",1851.90771222404,4.55125296381106,2.84286835974361e-06,0.000280787921070061,"ALPK2","protein_coding",36.0189152607453
"ENSG00000148926",462.453832960579,4.55005882734822,9.79092858130213e-08,1.97885545437651e-05,"ADM","protein_coding",9.01844601600618
"ENSG00000173221",893.983719998863,4.49583691209042,5.89187535932645e-07,8.35115943788167e-05,"GLRX","protein_coding",17.8730485262062
"ENSG00000127528",408.351049422791,4.44204120011279,2.38176867480804e-12,1.99958640898884e-09,"KLF2","protein_coding",7.68511362619117
"ENSG00000110876",352.344232293876,4.40376581906025,9.49141617215458e-07,0.000117050074692537,"SELPLG","protein_coding",6.70934915073758
"ENSG00000255874",605.685008697809,4.39242916635319,1.07580791667212e-12,1.02098848717909e-09,"LINC00346","lncRNA",12.0500350415578
"ENSG00000204525",227.93603728554,4.37159968375961,7.00171011244057e-07,9.43415607002178e-05,"HLA-C","protein_coding",4.3236473214167
"ENSG00000222041",980.618898346045,4.30431876825668,6.29924524081126e-11,3.92856928904081e-08,"CYTOR","lncRNA",18.3990741470158
"ENSG00000156535",774.507821841741,4.26584918608987,4.68037108314704e-06,0.000418701393454646,"CD109","protein_coding",14.7191275082817
"ENSG00000010818",1375.01729334199,4.17934795945672,4.84331284770655e-06,0.000428015517569792,"HIVEP2","protein_coding",26.39961082471
"ENSG00000146094",766.02500376231,4.15776098929008,4.24729594490374e-10,2.06022168634131e-07,"DOK3","protein_coding",14.8100200593678
"ENSG00000103034",479.81231741745,4.15231468277738,9.63708523025522e-09,2.96279290712691e-06,"NDRG4","protein_coding",9.51904546024705
"ENSG00000161896",1182.30915199146,4.1296827137034,1.03281445116395e-07,2.03101566126187e-05,"IP6K3","protein_coding",23.4374516490141
"ENSG00000248905",825.948086831815,4.09655366559303,1.91105133106005e-06,0.000207205140215124,"FMN1","protein_coding",16.0600688549661
"ENSG00000148411",877.585480525725,4.06620213510753,9.58896118350724e-06,0.000734413490223144,"NACC2","protein_coding",17.777809018437
"ENSG00000031081",569.734997010778,4.06425023368177,1.07536602241925e-08,3.22800547143733e-06,"ARHGAP31","protein_coding",10.7083734647069
"ENSG00000143382",1210.46728901981,3.95242740751422,4.00757669624466e-07,6.29333698745528e-05,"ADAMTSL4","protein_coding",23.1887315698176
"ENSG00000170379",147.890991528683,3.9151981435285,3.89055816560861e-06,0.000358325331809725,"TCAF2","protein_coding",2.86246175322752
"ENSG00000178209",20515.4015506182,3.78728423235818,6.47608175011173e-07,8.89056053090811e-05,"PLEC","protein_coding",399.868102186897
"ENSG00000170425",498.410037393361,3.65293840134794,7.33116841491312e-06,0.00058190816058445,"ADORA2B","protein_coding",9.33611995427965
"ENSG00000240184",3589.32861902662,3.64233163281044,6.63650719078835e-08,1.44861678960528e-05,"PCDHGC3","protein_coding",67.7003661800986
"ENSG00000166401",259.807526578845,3.62332955831405,6.09852725838447e-08,1.35269285802795e-05,"SERPINB8","protein_coding",4.98102316022068
"ENSG00000157111",42.617801710761,3.57682680245643,4.74880290637122e-06,0.000421369389594598,"TMEM171","protein_coding",0.822005941834569
"ENSG00000196843",1589.15557143156,3.5520830470973,1.18671899932933e-07,2.31283056405006e-05,"ARID5A","protein_coding",31.4064715399368
"ENSG00000177606",17101.9188266297,3.51412429050633,1.43545761109893e-06,0.000164876673965446,"JUN","protein_coding",313.604331983752
"ENSG00000180730",2223.20454712087,3.45657789990763,2.17954766620893e-06,0.000225474722549804,"SHISA2","protein_coding",43.0056496567277
"ENSG00000184371",904.820456259027,3.4519048555457,4.52049574494669e-07,6.75845076169153e-05,"CSF1","protein_coding",17.2652771238744
"ENSG00000087074",9697.59140436701,3.44751339192255,4.2655729449713e-09,1.52637584004645e-06,"PPP1R15A","protein_coding",179.63150715112
"ENSG00000147168",134.463839694137,3.43814019458421,1.70383661264357e-08,4.89359810273472e-06,"IL2RG","protein_coding",2.56590334124095
"ENSG00000134013",9098.58388603334,3.31716458710142,2.7152205205627e-12,2.19510494529047e-09,"LOXL2","protein_coding",175.43430282844
"ENSG00000100345",25819.3052772851,3.31441466267582,4.89749736456395e-06,0.000429327600295992,"MYH9","protein_coding",494.961583054764
"ENSG00000072786",1886.50281570642,3.20494840223908,2.29147161852305e-07,4.06652377960335e-05,"STK10","protein_coding",36.799352167705
"ENSG00000272031",146.877146739907,3.04441238237729,4.85113562754639e-07,7.20344139306684e-05,"ANKRD34A","protein_coding",2.82907832604036
"ENSG00000063660",19231.5876313731,3.03686505563636,1.31358515655398e-08,3.87472118881895e-06,"GPC1","protein_coding",360.883650155322
"ENSG00000138448",2956.59338218122,3.02266474456399,3.61793772385548e-10,1.80400760765433e-07,"ITGAV","protein_coding",55.6471760904626
"ENSG00000050165",3694.47103497147,3.02033455835638,8.25915806834613e-07,0.000106675090127727,"DKK3","protein_coding",69.9829644519999
"ENSG00000163545",188.157205064299,2.99397188425741,1.00122727230081e-07,2.00502650456717e-05,"NUAK2","protein_coding",3.62680214473534
"ENSG00000131389",1542.62006057122,2.95200181030849,2.69419690633075e-09,1.01394707019634e-06,"SLC6A6","protein_coding",29.714414481052
"ENSG00000162426",95.2092801436578,2.93083260455227,1.28727943015958e-05,0.000918259326847169,"SLC45A1","protein_coding",1.81311735932309
"ENSG00000100196",175.47701521997,2.86206789511567,1.10923354520602e-05,0.000808575895055375,"KDELR3","protein_coding",3.23218352186073
"ENSG00000167034",114.050057466999,2.79702908615973,7.75522083108206e-08,1.61219962191295e-05,"NKX3-1","protein_coding",2.18338456606609
"ENSG00000154734",3096.05349137326,2.74538375636841,7.76924063277983e-07,0.000101034001372554,"ADAMTS1","protein_coding",57.6211826022352
"ENSG00000172037",7303.91975955876,2.72382286162841,4.10402548090103e-07,6.33466907625605e-05,"LAMB2","protein_coding",137.499333765901
"ENSG00000072163",751.561851983048,2.71670146631345,5.22988683006961e-07,7.6105313151173e-05,"LIMS2","protein_coding",14.056066830923
"ENSG00000126368",354.266553265822,2.6919501612723,1.36246504912192e-05,0.000962455892952531,"NR1D1","protein_coding",6.76657315483655
"ENSG00000162643",44.9908236486286,2.65920051858737,5.88282023365741e-07,8.35115943788167e-05,"WDR63","protein_coding",0.845632103355927
"ENSG00000127666",598.380477378415,2.61522737381792,8.30184332286793e-06,0.000651844014573961,"TICAM1","protein_coding",11.3047318102506
"ENSG00000185164",715.019250252887,2.58675467115154,2.05308303245131e-06,0.000217547070059938,"NOMO2","protein_coding",13.5653722524401
"ENSG00000105939",1456.04764498894,2.56921515782513,3.42421066476038e-06,0.000322170993062024,"ZC3HAV1","protein_coding",27.1690207909803
"ENSG00000257315",196.848236772483,2.55999628284691,1.16596287232856e-05,0.000842736343615493,"ZBED6","protein_coding",3.78843469366155
"ENSG00000197879",5676.19090479671,2.50689552653255,7.21056463787213e-06,0.00057514044782824,"MYO1C","protein_coding",108.304547644558
"ENSG00000173846",728.990248600134,2.43211632894045,2.75804647269457e-06,0.000273926406561733,"PLK3","protein_coding",13.9942657351593
"ENSG00000136830",8377.21515415511,2.34021978641417,3.07625845839754e-06,0.000299770400133489,"NIBAN2","protein_coding",159.056150986679
"ENSG00000146112",5555.3081312937,2.22806541986055,1.45643100115636e-06,0.000164876673965446,"PPP1R18","protein_coding",104.130696478896
"ENSG00000034152",2200.44387503127,2.12291041032712,2.34937634953421e-06,0.000240761441115646,"MAP2K3","protein_coding",41.3105532529638
"ENSG00000145730",5718.59065700261,2.01306740274947,7.3334995151921e-08,1.53918872516936e-05,"PAM","protein_coding",106.821016296074
"ENSG00000168615",2851.70710826767,1.99789612483328,8.94961832604772e-06,0.000695203803633344,"ADAM9","protein_coding",53.4350859058077
"ENSG00000169641",2493.25227212094,1.89582109973427,6.07442369673869e-06,0.000506078322337451,"LUZP1","protein_coding",47.0908085452817
"ENSG00000116044",2169.24437130935,1.8224808350817,6.69010604082837e-06,0.000540050546557768,"NFE2L2","protein_coding",39.5686645326263
"ENSG00000177628",1359.49986924153,1.71527981931833,4.40778339697916e-08,1.0457945216224e-05,"GBA","protein_coding",25.1802110052809
"ENSG00000213390",1731.38047004597,-1.46432559341254,3.32080383284907e-06,0.000316534960975674,"ARHGAP19","protein_coding",28.7187190389492
"ENSG00000165061",562.701154430612,-1.78448982026944,1.29690790254062e-06,0.000154693473752223,"ZMAT4","protein_coding",9.25470078378015
"ENSG00000120696",852.04081202255,-1.80432789696004,6.19580390925286e-07,8.66935946994688e-05,"KBTBD7","protein_coding",13.8498516318648
"ENSG00000198034",261027.303536966,-1.86303711311503,1.41153915892127e-05,0.000990709863695613,"RPS4X","protein_coding",4139.27366995113
"ENSG00000233016",6397.01701303136,-1.86320362250093,1.08200397286961e-05,0.000803332745571358,"SNHG7","lncRNA",102.457107710307
"ENSG00000175061",94885.3461903686,-2.18133057336524,1.28581173182724e-05,0.000918259326847169,"SNHG29","lncRNA",1495.49293760332
"ENSG00000227081",930.969170817858,-2.35807959757995,2.12891749710468e-06,0.000221285767270481,"AC005912.1","processed_pseudogene",15.0811734055067
"ENSG00000245910",6292.02132180717,-2.40411222112849,6.37796944565901e-06,0.000523377131803928,"SNHG6","lncRNA",100.176304984769
"ENSG00000182774",96219.1452920684,-2.40563549959911,1.11851256183447e-05,0.000811125986701758,"RPS17","protein_coding",1489.25747842762
"ENSG00000181754",2099.90129941281,-2.47180121962941,3.27647308214521e-08,8.31614586477508e-06,"AMIGO1","protein_coding",34.218291290487
"ENSG00000122026",147118.332668627,-2.47983772308569,1.36166811000214e-07,2.58456447870668e-05,"RPL21","protein_coding",2302.92706195565
"ENSG00000227986",69.5666391516192,-2.48227322560561,4.46788639012956e-06,0.000402995967453504,"TRIM60P18","unprocessed_pseudogene",1.11804838421751
"ENSG00000198918",132469.124828891,-2.52497794476262,7.66059973225016e-06,0.000603666321139193,"RPL39","protein_coding",2058.3891764596
"ENSG00000137970",1800.16675460572,-2.59971299403895,1.75495375430733e-06,0.000194096640591898,"RPL7P9","processed_pseudogene",28.3769036532437
"ENSG00000235065",45.2072630600834,-2.6390860130735,8.79974859458718e-06,0.000686003258295175,"RPL24P2","processed_pseudogene",0.709692408704676
"ENSG00000177954",208376.806192951,-2.64241317989597,2.93453602111913e-07,5.00430095851471e-05,"RPS27","protein_coding",3210.62697999807
"ENSG00000109475",101185.471846417,-2.71019406539151,3.97064665463048e-06,0.000360786202659105,"RPL34","protein_coding",1531.55723840478
"ENSG00000234287",190.71266336563,-2.72316601907698,1.76063472774399e-06,0.000194096640591898,"AC099560.2","processed_pseudogene",2.95903768683464
"ENSG00000272323",55.2357709111006,-2.73120684951704,2.60619448623947e-07,4.47937112170356e-05,"AC026801.2","lncRNA",0.885076440300759
"ENSG00000071082",192864.451470367,-2.7406785728852,1.04035824329711e-05,0.000778165473286592,"RPL31","protein_coding",2885.88404080237
"ENSG00000230207",84.2738978087389,-2.77007714357248,3.143999994643e-06,0.0003050099194803,"RPL4P5","processed_pseudogene",1.27849637323972
"ENSG00000106355",1855.62684296408,-2.87370202029506,3.63280868235468e-06,0.00033887584580529,"LSM5","protein_coding",27.8376184514444
"ENSG00000274956",396.757001456388,-2.87472992221894,1.35242214572447e-06,0.00015797357132351,"NKAIN3-IT1","lncRNA",6.29011716715165
"ENSG00000237550",18717.0731869547,-2.89852517192115,6.67509016037674e-06,0.000540050546557768,"AC243919.1","transcribed_processed_pseudogene",284.409195363741
"ENSG00000154645",288.041665287825,-2.91546529240251,2.57140316451478e-10,1.33639495892925e-07,"CHODL","protein_coding",4.5290516327509
"ENSG00000243181",42.0390468792913,-2.91969072351372,1.21573593876904e-05,0.00087293039708719,"AC087343.1","processed_pseudogene",0.644529736986459
"ENSG00000145425",404050.100841648,-2.97605636309729,6.83520550593031e-07,9.26701029710849e-05,"RPS3A","protein_coding",6028.29383169059
"ENSG00000225616",33.6855302057236,-2.97828031904899,1.84346802554665e-07,3.33224569954497e-05,"AL138785.2","processed_pseudogene",0.530599603889284
"ENSG00000224578",768.082333583091,-2.98528627274488,1.3338573703335e-05,0.000945306450637652,"HNRNPA1P48","protein_coding",11.4949998450385
"ENSG00000273149",987.583025796856,-3.05752116473969,5.34249622280378e-06,0.000459433104519097,"AL138963.4","lncRNA",14.5596107578353
"ENSG00000213860",50.1298011993844,-3.07253198094715,1.20711462454374e-05,0.000869600594869329,"RPL21P75","processed_pseudogene",0.750348759879625
"ENSG00000272301",68.7341352042342,-3.07469212593547,8.64862148193932e-07,0.000111048299828101,NA,NA,1.04656180832369
"ENSG00000242852",26.4651200773107,-3.15144926932721,3.35924524301584e-06,0.000318393958592384,"ZNF709","protein_coding",0.436681723214345
"ENSG00000162599",3527.00607274386,-3.15335064194553,5.98382752522202e-08,1.34654626000563e-05,"NFIA","protein_coding",53.954837535639
"ENSG00000220749",559.090570933089,-3.29450147837284,1.52209790891571e-06,0.000171259552349547,"RPL21P28","processed_pseudogene",8.35422564439236
"ENSG00000274267",76.6078225808854,-3.37490758155488,7.01338683967725e-08,1.50086478369093e-05,NA,NA,1.14970291673197
"ENSG00000258017",287.788638960606,-4.03105324802818,5.55879371362557e-06,0.000475832741886349,"AC011603.3","lncRNA",4.15671872003627
"ENSG00000134917",213.091649227815,-4.45209181722134,8.0391066717524e-11,4.74263839002733e-08,"ADAMTS8","protein_coding",3.33710116808773
"ENSG00000241429",23.0577388605763,-4.53077322105808,4.48729050948131e-07,6.75507429247987e-05,"EEF1A1P25","processed_pseudogene",0.348923943178843
"ENSG00000125780",198.106495035539,-5.58925000927013,5.60876785632213e-08,1.30242749752978e-05,"TGM3","protein_coding",3.03339706904948
